step,loss
1044,10.666999816894531
2089,9.347000122070312
3134,8.618000030517578
4179,8.1850004196167
5224,7.9079999923706055
