step,loss
1044,11.067999839782715
2089,10.093999862670898
3134,9.109999656677246
4179,8.593000411987305
5224,8.277000427246094
