step,loss
1042,10.293999671936035
2087,8.954000473022461
3132,8.477999687194824
4177,8.33899974822998
5221,8.208999633789062
