step,loss
1042,9.253999710083008
2087,8.51200008392334
3132,8.406000137329102
4177,8.347999572753906
5221,8.204999923706055
